{
  "tag": "Certify",
  "type": "Structure",
  "value": [
    {
      "tag": "UniqueIdentifier",
      "type": "TextString",
      "value": "07645c02-8cdb-4c6a-98f6-d91e2a126040"
    },
    {
      "tag": "Attributes",
      "type": "Structure",
      "value": [
        {
          "tag": "CertificateAttributes",
          "type": "Structure",
          "value": [
            {
              "tag": "CertificateSubjectCn",
              "type": "TextString",
              "value": "projects@athakshana.com"
            },
            {
              "tag": "CertificateSubjectO",
              "type": "TextString",
              "value": "Thakshana"
            },
            {
              "tag": "CertificateSubjectOu",
              "type": "TextString",
              "value": ""
            },
            {
              "tag": "CertificateSubjectEmail",
              "type": "TextString",
              "value": ""
            },
            {
              "tag": "CertificateSubjectC",
              "type": "TextString",
              "value": "SL"
            },
            {
              "tag": "CertificateSubjectSt",
              "type": "TextString",
              "value": "Western"
            },
            {
              "tag": "CertificateSubjectL",
              "type": "TextString",
              "value": "Colombo"
            },
            {
              "tag": "CertificateSubjectUid",
              "type": "TextString",
              "value": ""
            },
            {
              "tag": "CertificateSubjectSerialNumber",
              "type": "TextString",
              "value": ""
            },
            {
              "tag": "CertificateSubjectTitle",
              "type": "TextString",
              "value": ""
            },
            {
              "tag": "CertificateSubjectDc",
              "type": "TextString",
              "value": ""
            },
            {
              "tag": "CertificateSubjectDnQualifier",
              "type": "TextString",
              "value": ""
            },
            {
              "tag": "CertificateIssuerCn",
              "type": "TextString",
              "value": ""
            },
            {
              "tag": "CertificateIssuerO",
              "type": "TextString",
              "value": ""
            },
            {
              "tag": "CertificateIssuerOu",
              "type": "TextString",
              "value": ""
            },
            {
              "tag": "CertificateIssuerEmail",
              "type": "TextString",
              "value": ""
            },
            {
              "tag": "CertificateIssuerC",
              "type": "TextString",
              "value": ""
            },
            {
              "tag": "CertificateIssuerSt",
              "type": "TextString",
              "value": ""
            },
            {
              "tag": "CertificateIssuerL",
              "type": "TextString",
              "value": ""
            },
            {
              "tag": "CertificateIssuerUid",
              "type": "TextString",
              "value": ""
            },
            {
              "tag": "CertificateIssuerSerialNumber",
              "type": "TextString",
              "value": ""
            },
            {
              "tag": "CertificateIssuerTitle",
              "type": "TextString",
              "value": ""
            },
            {
              "tag": "CertificateIssuerDc",
              "type": "TextString",
              "value": ""
            },
            {
              "tag": "CertificateIssuerDnQualifier",
              "type": "TextString",
              "value": ""
            }
          ]
        },
        {
          "tag": "Link",
          "type": "Structure",
          "value": [
            {
              "tag": "Link",
              "type": "Structure",
              "value": [
                {
                  "tag": "LinkType",
                  "type": "Enumeration",
                  "value": "PrivateKeyLink"
                },
                {
                  "tag": "LinkedObjectIdentifier",
                  "type": "TextString",
                  "value": "e80d04d1-cb1e-445c-a371-50640419236c"
                }
              ]
            }
          ]
        },
        {
          "tag": "ObjectType",
          "type": "Enumeration",
          "value": "Certificate"
        },
        {
          "tag": "VendorAttributes",
          "type": "Structure",
          "value": [
            {
              "tag": "VendorAttributes",
              "type": "Structure",
              "value": [
                {
                  "tag": "VendorIdentification",
                  "type": "TextString",
                  "value": "cosmian"
                },
                {
                  "tag": "AttributeName",
                  "type": "TextString",
                  "value": "requested_validity_days"
                },
                {
                  "tag": "AttributeValue",
                  "type": "ByteString",
                  "value": "333635"
                }
              ]
            },
            {
              "tag": "VendorAttributes",
              "type": "Structure",
              "value": [
                {
                  "tag": "VendorIdentification",
                  "type": "TextString",
                  "value": "cosmian"
                },
                {
                  "tag": "AttributeName",
                  "type": "TextString",
                  "value": "tag"
                },
                {
                  "tag": "AttributeValue",
                  "type": "ByteString",
                  "value": "5B5D"
                }
              ]
            }
          ]
        }
      ]
    }
  ]
}